"https://www.youtube.com/watch?v=trZQNVmqQwc&feature=youtu.be","1014161883795021824"
"https://www.youtube.com/watch?v=trZQNVmqQwc&feature=youtu.be","1014161857731579906"
"https://www.youtube.com/watch?v=trZQNVmqQwc&feature=youtu.be","1014161823699030016"
"https://www.youtube.com/watch?v=trZQNVmqQwc&feature=youtu.be","1014102914011402240"
"https://weownit.org.uk/act-now/nhstakeback-action","1014139562363424768"
"https://weownit.org.uk/act-now/nhstakeback-action","1014115320229920769"
"http://www.stuntfm.com/nhs-was-not-solely-modelled-on-a-welsh-workmens-medical-society/","1014158116286599169"
"http://www.stuntfm.com/nhs-was-not-solely-modelled-on-a-welsh-workmens-medical-society/","1014158105796628481"
"http://theconversation.com/the-nhs-explained-in-eight-charts-91854?utm_source=twitter&utm_medium=twitterbutton","1014205928109953025"
"http://theconversation.com/the-nhs-explained-in-eight-charts-91854?utm_source=twitter&utm_medium=twitterbutton","1014162125646901249"
"http://theconversation.com/the-nhs-explained-in-eight-charts-91854?utm_source=twitter&utm_medium=twitterbutton","1014158162415575040"
"http://theconversation.com/the-nhs-explained-in-eight-charts-91854?utm_source=twitter&utm_medium=twitterbutton","1014156098021023746"
"http://theconversation.com/the-nhs-explained-in-eight-charts-91854?utm_source=twitter&utm_medium=twitterbutton","1014118569955741697"
"http://theconversation.com/the-nhs-explained-in-eight-charts-91854?utm_source=twitter&utm_medium=twitterbutton","1014113471166861313"
"http://theconversation.com/the-nhs-explained-in-eight-charts-91854?utm_source=twitter&utm_medium=twitterbutton","1014084407223832576"
"http://theconversation.com/the-nhs-explained-in-eight-charts-91854?utm_source=twitter&utm_medium=twitterbutton","1014076006196502533"
"http://theconversation.com/the-nhs-explained-in-eight-charts-91854?utm_source=twitter&utm_medium=twitterbutton","1014060316873904128"
"http://theconversation.com/the-nhs-explained-in-eight-charts-91854?utm_source=twitter&utm_medium=twitterbutton","1014056078504615936"
"http://theconversation.com/the-nhs-explained-in-eight-charts-91854?utm_source=twitter&utm_medium=twitterbutton","1014052880725180416"
"http://theconversation.com/the-nhs-explained-in-eight-charts-91854?utm_source=twitter&utm_medium=twitterbutton","1014051530339733505"
"http://theconversation.com/the-nhs-explained-in-eight-charts-91854?utm_source=twitter&utm_medium=twitterbutton","1014049919894720512"
"http://theconversation.com/the-nhs-explained-in-eight-charts-91854?utm_source=twitter&utm_medium=twitterbutton","1014038749561450496"
"http://theconversation.com/the-nhs-explained-in-eight-charts-91854?utm_source=twitter&utm_medium=twitterbutton","1014036568745504770"
"http://theconversation.com/the-nhs-explained-in-eight-charts-91854?utm_source=twitter&utm_medium=twitterbutton","1014035266884001792"
"http://theconversation.com/the-nhs-explained-in-eight-charts-91854?utm_source=twitter&utm_medium=twitterbutton","1014034752159014912"
"http://theconversation.com/the-nhs-explained-in-eight-charts-91854?utm_source=twitter&utm_medium=twitterbutton","1014033891479285760"
"http://theconversation.com/the-nhs-explained-in-eight-charts-91854?utm_source=twitter&utm_medium=twitterbutton","1014031161365073920"
"http://theconversation.com/the-nhs-explained-in-eight-charts-91854?utm_source=twitter&utm_medium=twitterbutton","1014030790173347841"
"http://theconversation.com/the-nhs-explained-in-eight-charts-91854?utm_source=twitter&utm_medium=twitterbutton","1014026883170820097"
"http://theconversation.com/the-nhs-explained-in-eight-charts-91854?utm_source=twitter&utm_medium=twitterbutton","1014023172130209792"
"http://theconversation.com/the-nhs-explained-in-eight-charts-91854?utm_source=twitter&utm_medium=twitterbutton","1014021044842180608"
"http://theconversation.com/the-nhs-explained-in-eight-charts-91854?utm_source=twitter&utm_medium=twitterbutton","1013918626888519686"
"https://www.thelondoneconomic.com/news/nurses-quit-nhs-to-work-in-lidl-because-pay-hours-and-benefits-better/02/07/","1014210126910238720"
"https://www.thelondoneconomic.com/news/nurses-quit-nhs-to-work-in-lidl-because-pay-hours-and-benefits-better/02/07/","1014208236394827776"
"https://www.thelondoneconomic.com/news/nurses-quit-nhs-to-work-in-lidl-because-pay-hours-and-benefits-better/02/07/","1014207179262394368"
"https://www.thelondoneconomic.com/news/nurses-quit-nhs-to-work-in-lidl-because-pay-hours-and-benefits-better/02/07/","1014204813490442240"
"https://blogs.spectator.co.uk/2018/07/how-is-theresa-mays-nhs-funding-boost-landing-with-voters/","1014158995978891264"
"https://blogs.spectator.co.uk/2018/07/how-is-theresa-mays-nhs-funding-boost-landing-with-voters/","1014158815535738880"
"https://www.nhs.uk/common-health-questions/childrens-health/how-can-i-keep-my-baby-safe-during-hot-weather/","1014201534345891841"
"https://www.nhs.uk/common-health-questions/childrens-health/how-can-i-keep-my-baby-safe-during-hot-weather/","1014174921558249472"
"https://www.nhs.uk/common-health-questions/childrens-health/how-can-i-keep-my-baby-safe-during-hot-weather/","1014162590933684224"
"https://www.nhs.uk/common-health-questions/childrens-health/how-can-i-keep-my-baby-safe-during-hot-weather/","1014109042917208065"
"https://www.nhs.uk/common-health-questions/childrens-health/how-can-i-keep-my-baby-safe-during-hot-weather/","1013809849656889345"
"https://pharmaphorum.com/news/nhs-new-app-empowers-patients/","1014157864649281536"
"https://www.jobs.nhs.uk/showvac/1/2/915114678#.WzuLzR57Nxg.twitter","1014157977144709120"
"https://www.gponline.com/impossible-gps-offer-appointments-via-nhs-app-december-warns-gpc/article/1486623","1014158080651726848"
"https://www.gponline.com/impossible-gps-offer-appointments-via-nhs-app-december-warns-gpc/article/1486623","1014107654355070976"
"http://www.swindonadvertiser.co.uk/news/16330043.whats-on-celebrate-the-nhs-70th-at-bassett-surgery/?ref=fbshr","1014158151065759744"
"https://www.independent.co.uk/voices/editorials/fuel-duty-freeze-regressive-tax-nhs-boost-funding-a8429081.html","1014158208401846272"
"http://www.dailymail.co.uk/news/article-5912615/Chancellor-hike-taxes-fuel-alcohol-help-fund-NHS-boost.html","1014189565257580546"
"http://www.dailymail.co.uk/news/article-5912615/Chancellor-hike-taxes-fuel-alcohol-help-fund-NHS-boost.html","1014158270498574337"
"http://www.dailymail.co.uk/news/article-5912615/Chancellor-hike-taxes-fuel-alcohol-help-fund-NHS-boost.html","1014089263863001088"
"http://www.dailymail.co.uk/news/article-5912615/Chancellor-hike-taxes-fuel-alcohol-help-fund-NHS-boost.html","1014079575310192640"
"http://www.dailymail.co.uk/news/article-5912615/Chancellor-hike-taxes-fuel-alcohol-help-fund-NHS-boost.html","1014077417672015875"
"http://theconversation.com/what-was-healthcare-like-before-the-nhs-99055?utm_source=twitter&utm_medium=twitterbutton","1014158333073387520"
"https://www.jobs.nhs.uk/showvac/1/2/915120801#.WzuMQDYUZqk.twitter","1014158438471995392"
"https://www.mobihealthnews.com/content/nhs-looks-towards-privacy-nomad-health-expands-midwest-and-other-digital-health-news-briefs","1014158494688260097"
"https://www.theguardian.com/politics/2018/jul/02/freeze-on-fuel-duty-may-be-lifted-to-help-meet-nhs-promises","1014188637473435648"
"https://www.theguardian.com/politics/2018/jul/02/freeze-on-fuel-duty-may-be-lifted-to-help-meet-nhs-promises","1014177630432780295"
"https://www.msva.org.uk/volunteering/opportunity/community-befriender-volunteer-815/815","1014158964743901184"
"http://www.msn.com/en-gb/news/health/the-nhs-is-our-religion-it%e2%80%99s-the-only-thing-that-saves-it-from-the-tories/ar-AAzvxqR?ocid=st","1014159019735441408"
"https://www.breitbart.com/london/2018/07/03/british-medical-schools-turn-away-straight-a-students-nhs-third-world-doctors/","1014180846037884934"
"https://www.breitbart.com/london/2018/07/03/british-medical-schools-turn-away-straight-a-students-nhs-third-world-doctors/","1014159021631295489"
"https://www.breitbart.com/london/2018/07/03/british-medical-schools-turn-away-straight-a-students-nhs-third-world-doctors/","1014156548262723585"
"https://www.breitbart.com/london/2018/07/03/british-medical-schools-turn-away-straight-a-students-nhs-third-world-doctors/","1014138870458454017"
"https://www.breitbart.com/london/2018/07/03/british-medical-schools-turn-away-straight-a-students-nhs-third-world-doctors/","1014119302440673281"
"https://www.independent.co.uk/news/long_reads/nhs-70-years-aneurin-bevan-health-welfare-uk-politics-a8421781.html","1014159068016103424"
"https://www.theguardian.com/society/2018/jul/03/five-ideas-from-other-health-systems-that-could-transform-nhs?CMP=share_btn_tw","1014209348803944448"
"https://www.theguardian.com/society/2018/jul/03/five-ideas-from-other-health-systems-that-could-transform-nhs?CMP=share_btn_tw","1014205971856613377"
"https://www.theguardian.com/society/2018/jul/03/five-ideas-from-other-health-systems-that-could-transform-nhs?CMP=share_btn_tw","1014201355551019008"
"https://www.theguardian.com/society/2018/jul/03/five-ideas-from-other-health-systems-that-could-transform-nhs?CMP=share_btn_tw","1014197076861882368"
"https://www.theguardian.com/society/2018/jul/03/five-ideas-from-other-health-systems-that-could-transform-nhs?CMP=share_btn_tw","1014196670073114625"
"https://www.theguardian.com/society/2018/jul/03/five-ideas-from-other-health-systems-that-could-transform-nhs?CMP=share_btn_tw","1014191648480419842"
"https://www.theguardian.com/society/2018/jul/03/five-ideas-from-other-health-systems-that-could-transform-nhs?CMP=share_btn_tw","1014191547070472192"
"https://www.theguardian.com/society/2018/jul/03/five-ideas-from-other-health-systems-that-could-transform-nhs?CMP=share_btn_tw","1014171459416133632"
"https://www.theguardian.com/society/2018/jul/03/five-ideas-from-other-health-systems-that-could-transform-nhs?CMP=share_btn_tw","1014171137138413568"
"https://www.theguardian.com/society/2018/jul/03/five-ideas-from-other-health-systems-that-could-transform-nhs?CMP=share_btn_tw","1014159368974151680"
"https://www.theguardian.com/society/2018/jul/03/five-ideas-from-other-health-systems-that-could-transform-nhs?CMP=share_btn_tw","1014157019723509762"
"https://www.theguardian.com/society/2018/jul/03/five-ideas-from-other-health-systems-that-could-transform-nhs?CMP=share_btn_tw","1014143315556564993"
"https://www.theguardian.com/society/2018/jul/03/five-ideas-from-other-health-systems-that-could-transform-nhs?CMP=share_btn_tw","1014139147215392768"
"https://www.theguardian.com/society/2018/jul/03/five-ideas-from-other-health-systems-that-could-transform-nhs?CMP=share_btn_tw","1014139047978196992"
"https://www.theguardian.com/society/2018/jul/03/five-ideas-from-other-health-systems-that-could-transform-nhs?CMP=share_btn_tw","1014138897494888448"
"https://www.theguardian.com/society/2018/jul/03/five-ideas-from-other-health-systems-that-could-transform-nhs?CMP=share_btn_tw","1014133909163073537"
"https://www.theguardian.com/society/2018/jul/03/five-ideas-from-other-health-systems-that-could-transform-nhs?CMP=share_btn_tw","1014132313662377984"
"https://www.theguardian.com/society/2018/jul/03/five-ideas-from-other-health-systems-that-could-transform-nhs?CMP=share_btn_tw","1014130310018228224"
"https://www.theguardian.com/society/2018/jul/03/five-ideas-from-other-health-systems-that-could-transform-nhs?CMP=share_btn_tw","1014129458217971712"
"https://www.theguardian.com/society/2018/jul/03/five-ideas-from-other-health-systems-that-could-transform-nhs?CMP=share_btn_tw","1014126077470441472"
"https://www.theguardian.com/society/2018/jul/03/five-ideas-from-other-health-systems-that-could-transform-nhs?CMP=share_btn_tw","1014123676126662656"
"https://www.theguardian.com/society/2018/jul/03/five-ideas-from-other-health-systems-that-could-transform-nhs?CMP=share_btn_tw","1014116300061364224"
"https://www.theguardian.com/society/2018/jul/03/five-ideas-from-other-health-systems-that-could-transform-nhs?CMP=share_btn_tw","1014115516271783941"
"https://www.theguardian.com/society/2018/jul/03/five-ideas-from-other-health-systems-that-could-transform-nhs?CMP=share_btn_tw","1014115401851076609"
"https://www.theguardian.com/society/2018/jul/03/five-ideas-from-other-health-systems-that-could-transform-nhs?CMP=share_btn_tw","1014115398810292224"
"https://www.theguardian.com/society/2018/jul/03/five-ideas-from-other-health-systems-that-could-transform-nhs?CMP=share_btn_tw","1014112242411991041"
"https://www.theguardian.com/society/2018/jul/03/five-ideas-from-other-health-systems-that-could-transform-nhs?CMP=share_btn_tw","1014109608665903104"
"https://www.theguardian.com/society/2018/jul/03/five-ideas-from-other-health-systems-that-could-transform-nhs?CMP=share_btn_tw","1014107677822279681"
"https://www.theguardian.com/society/2018/jul/03/five-ideas-from-other-health-systems-that-could-transform-nhs?CMP=share_btn_tw","1014105604305178624"
"https://www.theguardian.com/society/2018/jul/03/five-ideas-from-other-health-systems-that-could-transform-nhs?CMP=share_btn_tw","1014103158954455044"
"https://www.theguardian.com/society/2018/jul/03/five-ideas-from-other-health-systems-that-could-transform-nhs?CMP=share_btn_tw","1014097909762183169"
"https://www.theguardian.com/society/2018/jul/03/five-ideas-from-other-health-systems-that-could-transform-nhs?CMP=share_btn_tw","1014095684285419520"
"https://www.theguardian.com/society/2018/jul/03/five-ideas-from-other-health-systems-that-could-transform-nhs?CMP=share_btn_tw","1014088394983510016"
"https://www.theguardian.com/society/2018/jul/03/five-ideas-from-other-health-systems-that-could-transform-nhs?CMP=share_btn_tw","1014084058480103424"
"https://www.telegraph.co.uk/news/2018/07/03/nhs-social-contract-has-broken-children-refusing-look-parents/","1014167327410147329"
"https://www.telegraph.co.uk/news/2018/07/03/nhs-social-contract-has-broken-children-refusing-look-parents/","1014159375777312770"
"https://www.telegraph.co.uk/","1014143518917431298"
"https://www.telegraph.co.uk/news/2018/07/03/nhs-social-contract-has-broken-children-refusing-look-parents/","1014143518917431298"
"https://www.telegraph.co.uk/news/2018/07/03/nhs-social-contract-has-broken-children-refusing-look-parents/","1014114786660012032"
"https://www.telegraph.co.uk/news/2018/07/03/nhs-social-contract-has-broken-children-refusing-look-parents/","1014106729783726080"
"https://www.telegraph.co.uk/news/2018/07/03/nhs-social-contract-has-broken-children-refusing-look-parents/","1014104223716397056"
"https://www.telegraph.co.uk/news/2018/07/03/nhs-social-contract-has-broken-children-refusing-look-parents/","1014101916681416704"
"https://www.telegraph.co.uk/news/2018/07/03/nhs-social-contract-has-broken-children-refusing-look-parents/","1014101195013619715"
"http://www.labour.org.uk/nhs70","1014159489019367427"
"http://www.labour.org.uk/nhs70","1010849249238667265"
"http://www.labour.org.uk/nhs70","1010849087833493504"
"http://costsectorcatering.co.uk/management-buy-out-sees-meal-producer-anglia-crown-%E2%80%98set-growth%E2%80%99","1014159530547138565"
"http://costsectorcatering.co.uk/management-buy-out-sees-meal-producer-anglia-crown-%E2%80%98set-growth%E2%80%99","1014101994322186240"
"https://www.techrepublic.com/article/deepmind-nhs-use-anonymized-patient-data-in-ai-to-avoid-regulatory-hurdles/","1014159598498934784"
"http://runfme.cricket/?4706","1014159604580790278"
"https://www.theguardian.com/society/2018/jul/01/mays-extra-cash-for-nhs-is-not-enough-says-spending-watchdog","1014159604580790278"
"https://www.techrepublic.com/article/deepmind-nhs-use-anonymized-patient-data-in-ai-to-avoid-regulatory-hurdles/","1014159605964759040"
"https://www.bbc.co.uk/programmes/b0b86s0j","1012306553846759424"
"https://www.england.nhs.uk/2018/06/nhs-england-action-to-stop-patients-undergoing-ineffective-and-risky-treatments/","1014168687857807363"
"https://www.england.nhs.uk/2018/06/nhs-england-action-to-stop-patients-undergoing-ineffective-and-risky-treatments/","1014160014175559682"
"https://www.england.nhs.uk/2018/07/heat-health-watch-alert-level-2-alert-and-readiness-3/","1014168692270292992"
"https://www.england.nhs.uk/2018/07/heat-health-watch-alert-level-2-alert-and-readiness-3/","1014160025005281285"
"https://www.bbc.co.uk/news/av/health-42719734/nhs-nurses-look-back-at-their-experiences-in-care","1014160100381069312"
"https://www.ft.com/content/d6288de0-7ec0-11e8-8e67-1e1a0846c475","1014196723084914688"
"https://www.ft.com/content/d6288de0-7ec0-11e8-8e67-1e1a0846c475","1014196582714101760"
"https://www.ft.com/content/d6288de0-7ec0-11e8-8e67-1e1a0846c475","1014190770767659009"
"https://www.ft.com/content/d6288de0-7ec0-11e8-8e67-1e1a0846c475","1014177181466013696"
"https://www.ft.com/content/d6288de0-7ec0-11e8-8e67-1e1a0846c475","1014167239954755586"
"https://www.ft.com/content/d6288de0-7ec0-11e8-8e67-1e1a0846c475","1014160408326868993"
"https://www.ft.com/content/d6288de0-7ec0-11e8-8e67-1e1a0846c475?utm_source=dlvr.it&utm_medium=twitter","1014160344799854592"
"https://www.ft.com/content/d6288de0-7ec0-11e8-8e67-1e1a0846c475","1014158903666462720"
"https://www.ft.com/content/d6288de0-7ec0-11e8-8e67-1e1a0846c475","1014157476575502338"
"https://www.ft.com/content/d6288de0-7ec0-11e8-8e67-1e1a0846c475","1014156712591413248"
"https://www.ft.com/content/d6288de0-7ec0-11e8-8e67-1e1a0846c475","1014156686209245186"
"https://www.ft.com/content/d6288de0-7ec0-11e8-8e67-1e1a0846c475","1014156642676592641"
"https://www.ft.com/content/d6288de0-7ec0-11e8-8e67-1e1a0846c475?utm_source=dlvr.it&utm_medium=twitter","1014156589295521792"
"https://www.ft.com/content/d6288de0-7ec0-11e8-8e67-1e1a0846c475","1014156161522851840"
"https://events.labour.org.uk/event/251843","1014160476794687489"
"http://www.dailymail.co.uk/news/article-2161869/Top-doctors-chilling-claim-The-NHS-kills-130-000-elderly-patients-year.html","1014197500046168065"
"http://www.dailymail.co.uk/news/article-2161869/Top-doctors-chilling-claim-The-NHS-kills-130-000-elderly-patients-year.html","1014170356540682240"
"http://www.dailymail.co.uk/news/article-2161869/Top-doctors-chilling-claim-The-NHS-kills-130-000-elderly-patients-year.html","1014135919606190080"
"http://www.dailymail.co.uk/news/article-2161869/Top-doctors-chilling-claim-The-NHS-kills-130-000-elderly-patients-year.html","1014116794511085568"
"http://www.dailymail.co.uk/news/article-2161869/Top-doctors-chilling-claim-The-NHS-kills-130-000-elderly-patients-year.html","1014113300550955008"
"http://www.dailymail.co.uk/news/article-2161869/Top-doctors-chilling-claim-The-NHS-kills-130-000-elderly-patients-year.html","1014106984444985344"
"http://www.dailymail.co.uk/news/article-2161869/Top-doctors-chilling-claim-The-NHS-kills-130-000-elderly-patients-year.html","1014105165958471680"
"http://www.dailymail.co.uk/news/article-2161869/Top-doctors-chilling-claim-The-NHS-kills-130-000-elderly-patients-year.html","1013999663144456192"
"http://www.dailymail.co.uk/news/article-2161869/Top-doctors-chilling-claim-The-NHS-kills-130-000-elderly-patients-year.html","1013923825946329090"
"http://www.dailymail.co.uk/news/article-2161869/Top-doctors-chilling-claim-The-NHS-kills-130-000-elderly-patients-year.html","1013883698629042178"
"http://www.dailymail.co.uk/news/article-2161869/Top-doctors-chilling-claim-The-NHS-kills-130-000-elderly-patients-year.html","1013880029204369408"
"http://www.dailymail.co.uk/news/article-2161869/Top-doctors-chilling-claim-The-NHS-kills-130-000-elderly-patients-year.html","1013851194421383168"
"http://www.dailymail.co.uk/news/article-2161869/Top-doctors-chilling-claim-The-NHS-kills-130-000-elderly-patients-year.html","1013819603334631428"
"http://www.dailymail.co.uk/news/article-2161869/Top-doctors-chilling-claim-The-NHS-kills-130-000-elderly-patients-year.html","1013811350215233536"
"http://www.dailymail.co.uk/news/article-2161869/Top-doctors-chilling-claim-The-NHS-kills-130-000-elderly-patients-year.html","1013769634317787137"
"http://www.dailymail.co.uk/news/article-2161869/Top-doctors-chilling-claim-The-NHS-kills-130-000-elderly-patients-year.html","1013754378669428737"
"http://www.dailymail.co.uk/news/article-2161869/Top-doctors-chilling-claim-The-NHS-kills-130-000-elderly-patients-year.html","1013709108246188033"
"http://www.dailymail.co.uk/news/article-2161869/Top-doctors-chilling-claim-The-NHS-kills-130-000-elderly-patients-year.html","1013697035235667968"
"http://www.dailymail.co.uk/news/article-2161869/Top-doctors-chilling-claim-The-NHS-kills-130-000-elderly-patients-year.html","1013666293629833216"
"http://www.dailymail.co.uk/news/article-2161869/Top-doctors-chilling-claim-The-NHS-kills-130-000-elderly-patients-year.html","1013599961542520833"
"http://www.dailymail.co.uk/news/article-2161869/Top-doctors-chilling-claim-The-NHS-kills-130-000-elderly-patients-year.html","1013530090238611456"
"http://www.dailymail.co.uk/news/article-2161869/Top-doctors-chilling-claim-The-NHS-kills-130-000-elderly-patients-year.html","1013526908213055489"
"http://www.dailymail.co.uk/news/article-2161869/Top-doctors-chilling-claim-The-NHS-kills-130-000-elderly-patients-year.html","1012980409884446720"
"http://www.dailymail.co.uk/news/article-2161869/Top-doctors-chilling-claim-The-NHS-kills-130-000-elderly-patients-year.html","1011582350306799616"
"https://blogs.spectator.co.uk/2018/07/how-is-theresa-mays-nhs-funding-boost-landing-with-voters/","1014160621317906432"
"https://www.nhs70.nhs.uk/","1014160625029779457"
"http://ukprogressive.co.uk/mays-extra-cash-for-nhs-is-not-enough-says-spending-watchdog/article76676.html","1014160662296170497"
"https://www.bbc.co.uk/news/technology-44682369","1014160689341050880"
"https://www.bbc.co.uk/news/technology-44682369","1013828407719755776"
"https://apple.news/A39g_tVbrSHWQMDIAqeQyKQ","1014182072980733953"
"https://apple.news/A39g_tVbrSHWQMDIAqeQyKQ","1014163074671169540"
"https://apple.news/A39g_tVbrSHWQMDIAqeQyKQ","1014160748375953408"
"https://apple.news/A39g_tVbrSHWQMDIAqeQyKQ","1014157508234137600"
"https://apple.news/A39g_tVbrSHWQMDIAqeQyKQ","1014155253153968129"
"https://apple.news/A39g_tVbrSHWQMDIAqeQyKQ","1014152796751515648"
"https://apple.news/A39g_tVbrSHWQMDIAqeQyKQ","1014147978536390656"
"https://apple.news/A39g_tVbrSHWQMDIAqeQyKQ","1014138596444524544"
"https://apple.news/A39g_tVbrSHWQMDIAqeQyKQ","1014138240817942528"
"https://apple.news/A39g_tVbrSHWQMDIAqeQyKQ","1014138212372099072"
"https://apple.news/A39g_tVbrSHWQMDIAqeQyKQ","1014136614434549761"
"https://www.computerweekly.com/news/252444145/NHS-data-breach-caused-details-of-150000-patients-to-be-shared","1014161089356017664"
"https://www.computerweekly.com/news/252444145/NHS-data-breach-caused-details-of-150000-patients-to-be-shared","1014158977100406786"
"https://www.computerweekly.com/news/252444145/NHS-data-breach-caused-details-of-150000-patients-to-be-shared","1014112387065176064"
"https://news.sky.com/story/staffing-crisis-prompts-nhs-recruitment-drive-11424490","1014187059794403329"
"https://news.sky.com/story/staffing-crisis-prompts-nhs-recruitment-drive-11424490","1014161200496758784"
"https://news.sky.com/story/staffing-crisis-prompts-nhs-recruitment-drive-11424490","1014078535793815552"
"https://news.sky.com/story/staffing-crisis-prompts-nhs-recruitment-drive-11424490","1014065751488069634"
"https://news.sky.com/story/staffing-crisis-prompts-nhs-recruitment-drive-11424490","1014064092980699136"
"https://news.sky.com/story/staffing-crisis-prompts-nhs-recruitment-drive-11424490","1014060674522210304"
"https://news.sky.com/story/staffing-crisis-prompts-nhs-recruitment-drive-11424490","1014048694788919296"
"https://news.sky.com/story/staffing-crisis-prompts-nhs-recruitment-drive-11424490","1014041768688586753"
"https://news.sky.com/story/staffing-crisis-prompts-nhs-recruitment-drive-11424490","1014040730816385024"
"https://news.sky.com/story/staffing-crisis-prompts-nhs-recruitment-drive-11424490","1014038077835268096"
"https://news.sky.com/story/staffing-crisis-prompts-nhs-recruitment-drive-11424490","1014035568706117632"
"https://news.sky.com/story/staffing-crisis-prompts-nhs-recruitment-drive-11424490","1014030229344485376"
"https://news.sky.com/story/staffing-crisis-prompts-nhs-recruitment-drive-11424490","1014020026230300673"
"https://news.sky.com/story/staffing-crisis-prompts-nhs-recruitment-drive-11424490","1014019389434327040"
"https://news.sky.com/story/staffing-crisis-prompts-nhs-recruitment-drive-11424490","1014018082417889280"
"https://news.sky.com/story/staffing-crisis-prompts-nhs-recruitment-drive-11424490","1014015368527007744"
"https://news.sky.com/story/staffing-crisis-prompts-nhs-recruitment-drive-11424490","1014013155129905152"
"https://news.sky.com/story/staffing-crisis-prompts-nhs-recruitment-drive-11424490","1014007492614000643"
"https://news.sky.com/story/staffing-crisis-prompts-nhs-recruitment-drive-11424490","1013986842708828161"
"https://news.sky.com/story/staffing-crisis-prompts-nhs-recruitment-drive-11424490","1013971996227637248"
"https://news.sky.com/story/staffing-crisis-prompts-nhs-recruitment-drive-11424490","1013962635082108929"
"https://news.sky.com/story/staffing-crisis-prompts-nhs-recruitment-drive-11424490","1013962397550333957"
"https://news.sky.com/story/staffing-crisis-prompts-nhs-recruitment-drive-11424490","1013961334243889152"
"https://news.sky.com/story/staffing-crisis-prompts-nhs-recruitment-drive-11424490","1013959498896199680"
"http://www.theguardian.com/politics/2018/jul/02/freeze-on-fuel-duty-may-be-lifted-to-help-meet-nhs-promises?utm_source=esp&utm_medium=Email&utm_campaign=GU+Today+main+NEW+H+categories&utm_term=279958&subid=14635888&CMP=EMCNEWEML6619I2","1014161732548349952"
"https://www.theguardian.com/society/2018/jul/02/social-care-nhs-theresa-may-courage-attlee-cqc-david-behan?CMP=Share_AndroidApp_Tweet","1014164328600227840"
"https://www.theguardian.com/society/2018/jul/02/social-care-nhs-theresa-may-courage-attlee-cqc-david-behan?CMP=Share_AndroidApp_Tweet","1014161789200760832"
"https://www.theguardian.com/society/2018/jul/02/social-care-nhs-theresa-may-courage-attlee-cqc-david-behan?CMP=Share_AndroidApp_Tweet","1014044543161851909"
"https://www.theguardian.com/society/2018/jul/02/social-care-nhs-theresa-may-courage-attlee-cqc-david-behan?CMP=Share_AndroidApp_Tweet","1014036138506575872"
"https://www.theguardian.com/society/2018/jul/02/social-care-nhs-theresa-may-courage-attlee-cqc-david-behan?CMP=Share_AndroidApp_Tweet","1014032112838733825"
"https://www.theguardian.com/society/2018/jul/02/social-care-nhs-theresa-may-courage-attlee-cqc-david-behan?CMP=Share_AndroidApp_Tweet","1014008769062240256"
"https://www.theguardian.com/society/2018/jul/02/social-care-nhs-theresa-may-courage-attlee-cqc-david-behan?CMP=Share_AndroidApp_Tweet","1013999260948418560"
"https://www.theguardian.com/society/2018/jul/02/social-care-nhs-theresa-may-courage-attlee-cqc-david-behan?CMP=Share_AndroidApp_Tweet","1013914657206231042"
"https://www.theguardian.com/society/2018/jul/02/social-care-nhs-theresa-may-courage-attlee-cqc-david-behan?CMP=Share_AndroidApp_Tweet","1013908840629395456"
"https://www.theguardian.com/society/2018/jul/02/social-care-nhs-theresa-may-courage-attlee-cqc-david-behan?CMP=Share_AndroidApp_Tweet","1013898211164028929"
"https://www.theguardian.com/society/2018/jul/02/social-care-nhs-theresa-may-courage-attlee-cqc-david-behan?CMP=Share_AndroidApp_Tweet","1013887105045540869"
"https://www.theguardian.com/society/2018/jul/02/social-care-nhs-theresa-may-courage-attlee-cqc-david-behan?CMP=Share_AndroidApp_Tweet","1013883858041868289"
"https://www.theguardian.com/society/2018/jul/02/social-care-nhs-theresa-may-courage-attlee-cqc-david-behan?CMP=Share_AndroidApp_Tweet","1013879236871016453"
"https://www.infosecurity-magazine.com:443/news/nhs-developer-error-leads-to-data/","1014161814450507776"
"https://www.infosecurity-magazine.com:443/news/nhs-developer-error-leads-to-data/","1014155698672996353"
"https://www.infosecurity-magazine.com:443/news/nhs-developer-error-leads-to-data/","1014137184973189120"
"https://www.infosecurity-magazine.com:443/news/nhs-developer-error-leads-to-data/","1014116587547181056"
"https://www.spirefm.co.uk/news/national/2624335/fuel-and-alcohol-duty-freeze-to-be-lifted-to-help-fund-nhs-boost/","1014161849267286017"
"http://whatdoesborisowe.co.uk/","1014214696176476161"
"http://whatdoesborisowe.co.uk/","1014207146207002626"
"http://whatdoesborisowe.co.uk/","1014199597428719616"
"http://whatdoesborisowe.co.uk/","1014192050281910272"
"http://whatdoesborisowe.co.uk/","1014184499440017408"
"http://whatdoesborisowe.co.uk/","1014176949999005696"
"http://whatdoesborisowe.co.uk/","1014169399870119936"
"http://whatdoesborisowe.co.uk/","1014161850131406849"
"http://whatdoesborisowe.co.uk/","1014154297817174017"
"http://whatdoesborisowe.co.uk/","1014146747617067013"
"http://whatdoesborisowe.co.uk/","1014139201208455169"
"http://whatdoesborisowe.co.uk/","1014131648651116545"
"http://whatdoesborisowe.co.uk/","1014124100833325056"
"http://whatdoesborisowe.co.uk/","1014116549987217408"
"http://whatdoesborisowe.co.uk/","1014109001020145664"
"http://whatdoesborisowe.co.uk/","1014101450404724736"
"http://whatdoesborisowe.co.uk/","1014093900179361792"
"http://whatdoesborisowe.co.uk/","1014086350721638400"
"http://whatdoesborisowe.co.uk/","1014078802345914368"
"http://whatdoesborisowe.co.uk/","1014071253521424384"
"http://whatdoesborisowe.co.uk/","1014063702020984832"
"http://whatdoesborisowe.co.uk/","1014056150981984256"
"http://whatdoesborisowe.co.uk/","1014048603134816257"
"http://whatdoesborisowe.co.uk/","1014041052867465216"
"http://whatdoesborisowe.co.uk/","1014033504919621632"
"http://whatdoesborisowe.co.uk/","1014025955281518592"
"http://whatdoesborisowe.co.uk/","1014018402057195520"
"http://whatdoesborisowe.co.uk/","1014010854331727872"
"http://whatdoesborisowe.co.uk/","1014003303468814337"
"http://whatdoesborisowe.co.uk/","1013995754753437696"
"http://whatdoesborisowe.co.uk/","1013988205316620289"
"http://whatdoesborisowe.co.uk/","1013980656546639872"
"http://whatdoesborisowe.co.uk/","1013973106535247872"
"http://whatdoesborisowe.co.uk/","1013965557274537984"
"http://whatdoesborisowe.co.uk/","1013958007716175872"
"http://whatdoesborisowe.co.uk/","1013950456152743936"
"http://www.itv.com/news/2018-07-01/nhs-boss-reveals-significant-planning-for-all-brexit-scenarios/","1014161898395357184"
"http://www.itv.com/news/2018-07-01/nhs-boss-reveals-significant-planning-for-all-brexit-scenarios/","1013363373281562624"
"https://www.youtube.com/watch?v=XYPpuUK5ZyA&feature=youtu.be","1014161961800617984"
"https://www.youtube.com/watch?v=XYPpuUK5ZyA&feature=youtu.be","1014056309333942273"
"https://www.youtube.com/watch?v=XYPpuUK5ZyA&feature=youtu.be","1013754225455783937"
"https://www.youtube.com/watch?v=XYPpuUK5ZyA&feature=youtu.be","1013711213857996802"
"https://www.youtube.com/watch?v=XYPpuUK5ZyA&feature=youtu.be","1013711128726261760"
"https://www.youtube.com/watch?v=XYPpuUK5ZyA&feature=youtu.be","1013701369654665216"
"https://www.youtube.com/watch?v=XYPpuUK5ZyA&feature=youtu.be","1013346592592678912"
"http://www.government-online.net/fm-services-contract-camden-and-islington-nhs-foundation-trust-2/?utm_source=feedburner&utm_medium=twitter&utm_campaign=Feed%3A+GovernmentOnline+%28Government+Online%29","1014161991399804928"
"https://www.nuh.nhs.uk/download.cfm?doc=docm93jijm4n4206.pdf&ver=7353","1014184625382490113"
"https://www.nuh.nhs.uk/download.cfm?doc=docm93jijm4n4206.pdf&ver=7353","1014162004968464389"
"https://www.nuh.nhs.uk/download.cfm?doc=docm93jijm4n4206.pdf&ver=7353","1013856105368301570"
"https://www.jobs.nhs.uk/xi/vacancy/4b82899a4b04682260413e1f203e9a5e/?vac_ref=915144011","1014162154059157508"
"https://www.jobs.nhs.uk/xi/vacancy/4b82899a4b04682260413e1f203e9a5e/?vac_ref=915144011","1013134687353671681"
"https://www.cumbriacrack.com/2018/07/03/university-joins-celebrations-for-nhs-70th-anniversary-in-carlisle/","1014162239446835200"
"https://www.youtube.com/watch?feature=player_embedded&v=p4AZqzUjKY4","1014162415926304768"
"https://video.nybulletins.com/2018/07/03/special-report-modicare-indias-version-of-the-nhs/","1014162415926304768"
"https://policyskeptic.blogspot.com/2018/07/knee-jerk-ideology-makes-any-sensible.html","1014162542246100992"
"https://policyskeptic.blogspot.com/2018/07/knee-jerk-ideology-makes-any-sensible.html","1014152116208918528"
"https://policyskeptic.blogspot.com/2018/07/knee-jerk-ideology-makes-any-sensible.html","1014151413474131969"
"https://www.actiononhearingloss.org.uk/live-well/our-community/our-blog/life-without-the-nhs-is-hard-to-comprehend-for-deaf-people/","1014162569832161281"
"https://www.bbc.co.uk/programmes/b0b86s0j","1014162721376555009"
"https://www.bbc.co.uk/programmes/b0b86s0j","1014124099696816129"
"https://www.bbc.co.uk/iplayer/episode/b0b98h76/newsnight-02072018","1013924628144754693"
"https://www.bbc.co.uk/programmes/b0b86s0j","1013924628144754693"
"https://www.bbc.co.uk/programmes/b0b86s0j","1013797602972880903"
"https://www.bbc.co.uk/programmes/b0b86s0j","1013734653142986753"
"https://www.bbc.co.uk/programmes/b0b86s0j","1013515726710362112"
"https://www.bbc.co.uk/programmes/b0b86s0j","1013477227604955136"
"https://www.bbc.co.uk/programmes/b0b86s0j","1013328354353860609"
"https://www.bbc.co.uk/programmes/b0b86s0j","1013153996222160902"
"https://www.bbc.co.uk/programmes/b0b86s0j","1013146445803933698"
"https://www.bbc.co.uk/programmes/b0b86s0j","1013097400087597056"
"https://www.bbc.co.uk/programmes/b0b86s0j","1013097399848460290"
"https://www.bbc.co.uk/programmes/b0b86s0j","1012999183404445698"
"https://www.bbc.co.uk/programmes/b0b86s0j","1012941226306428928"
"http://www.theguardian.com/society/2018/jul/03/five-ideas-from-other-health-systems-that-could-transform-nhs","1014209247750565889"
"https://www.theguardian.com/society/2018/jul/03/five-ideas-from-other-health-systems-that-could-transform-nhs","1014207317536100353"
"https://www.theguardian.com/society/2018/jul/03/five-ideas-from-other-health-systems-that-could-transform-nhs","1014205988134703104"
"https://www.theguardian.com/society/2018/jul/03/five-ideas-from-other-health-systems-that-could-transform-nhs","1014197925524721665"
"https://www.theguardian.com/society/2018/jul/03/five-ideas-from-other-health-systems-that-could-transform-nhs","1014196671855636481"
"https://www.theguardian.com/society/2018/jul/03/five-ideas-from-other-health-systems-that-could-transform-nhs","1014196052830941184"
"https://www.theguardian.com/society/2018/jul/03/five-ideas-from-other-health-systems-that-could-transform-nhs","1014178236580933632"
"https://www.theguardian.com/society/2018/jul/03/five-ideas-from-other-health-systems-that-could-transform-nhs","1014174601025241088"
"https://www.theguardian.com/society/2018/jul/03/five-ideas-from-other-health-systems-that-could-transform-nhs","1014162975928643584"
"https://www.theguardian.com/society/2018/jul/03/five-ideas-from-other-health-systems-that-could-transform-nhs","1014155652057518081"
"https://www.theguardian.com/society/2018/jul/03/five-ideas-from-other-health-systems-that-could-transform-nhs","1014154741734133760"
"https://www.theguardian.com/society/2018/jul/03/five-ideas-from-other-health-systems-that-could-transform-nhs","1014151248029863936"
"https://www.theguardian.com/society/2018/jul/03/five-ideas-from-other-health-systems-that-could-transform-nhs","1014148003836387334"
"https://www.theguardian.com/society/2018/jul/03/five-ideas-from-other-health-systems-that-could-transform-nhs","1014136889408933888"
"https://www.theguardian.com/society/2018/jul/03/five-ideas-from-other-health-systems-that-could-transform-nhs","1014128263055183874"
"https://www.theguardian.com/society/2018/jul/03/five-ideas-from-other-health-systems-that-could-transform-nhs","1014124519747981313"
"https://www.theguardian.com/society/2018/jul/03/five-ideas-from-other-health-systems-that-could-transform-nhs","1014116770448371712"
"https://www.theguardian.com/society/2018/jul/03/five-ideas-from-other-health-systems-that-could-transform-nhs","1014116768107909120"
"https://www.theguardian.com/society/2018/jul/03/five-ideas-from-other-health-systems-that-could-transform-nhs","1014114762869891072"
"https://www.theguardian.com/society/2018/jul/03/five-ideas-from-other-health-systems-that-could-transform-nhs","1014105936263286784"
"https://www.hanovercomms.com/2018/06/13/healthcare-world-cup-2018/","1014103556104839168"
"https://www.theguardian.com/society/2018/jul/03/five-ideas-from-other-health-systems-that-could-transform-nhs","1014103556104839168"
"https://www.theguardian.com/society/2018/jul/03/five-ideas-from-other-health-systems-that-could-transform-nhs?utm_source=dlvr.it&utm_medium=twitter","1014102969166360578"
"https://www.theguardian.com/society/2018/jul/03/five-ideas-from-other-health-systems-that-could-transform-nhs","1014102491980582916"
"https://www.theguardian.com/society/2018/jul/03/five-ideas-from-other-health-systems-that-could-transform-nhs","1014086344321232896"
"https://www.theguardian.com/society/2018/jul/03/five-ideas-from-other-health-systems-that-could-transform-nhs?utm_source=dlvr.it&utm_medium=twitter","1014083848815063040"
"https://www.theguardian.com/society/2018/jul/03/five-ideas-from-other-health-systems-that-could-transform-nhs?utm_source=dlvr.it&utm_medium=twitter","1014083787771166720"
"https://www.theguardian.com/society/2018/jul/03/five-ideas-from-other-health-systems-that-could-transform-nhs","1014082483401515013"
"https://www.theguardian.com/society/2018/jul/03/five-ideas-from-other-health-systems-that-could-transform-nhs","1014081254323621889"
"https://www.theguardian.com/society/2018/jul/03/five-ideas-from-other-health-systems-that-could-transform-nhs","1014081153421234176"
"http://www.ruh.nhs.uk/careers/index.asp?menu_id=1","1014163101980098560"
"http://www.ruh.nhs.uk/careers/index.asp?menu_id=1","1014084867984908289"
"https://www.computerweekly.com/news/252443938/NHS-Digital-signs-three-year-cyber-security-partnership-with-IBM","1014163466364604417"
"https://www.computerweekly.com/news/252443938/NHS-Digital-signs-three-year-cyber-security-partnership-with-IBM","1014105760765181952"
"https://www.computerweekly.com/news/252443938/NHS-Digital-signs-three-year-cyber-security-partnership-with-IBM","1013895085585416192"
"https://www.computerweekly.com/news/252443938/NHS-Digital-signs-three-year-cyber-security-partnership-with-IBM","1013775272657801218"
"https://www.computerweekly.com/news/252443938/NHS-Digital-signs-three-year-cyber-security-partnership-with-IBM","1013765549673902081"
"https://www.computerweekly.com/news/252443938/NHS-Digital-signs-three-year-cyber-security-partnership-with-IBM","1012922387006939136"
"https://www.computerweekly.com/news/252443938/NHS-Digital-signs-three-year-cyber-security-partnership-with-IBM","1012790849275617281"
"https://www.computerweekly.com/news/252443938/NHS-Digital-signs-three-year-cyber-security-partnership-with-IBM","1012712073317552128"
"http://www.itpro.co.uk/public-sector/31425/soon-youll-be-able-to-book-gp-appointments-via-an-nhs-app","1014163628981936128"
"http://www.itpro.co.uk/public-sector/31425/soon-youll-be-able-to-book-gp-appointments-via-an-nhs-app","1013734041131126786"
"https://www.engadget.com/2018/07/03/nhs-patients-book-gp-appointments-app-december/","1014213029347643393"
"https://www.engadget.com/2018/07/03/nhs-patients-book-gp-appointments-app-december/","1014182113757810688"
"https://www.engadget.com/2018/07/03/nhs-patients-book-gp-appointments-app-december/?utm_source=dlvr.it&utm_medium=twitter","1014166397696466945"
"https://www.engadget.com/2018/07/03/nhs-patients-book-gp-appointments-app-december/?utm_source=dlvr.it&utm_medium=twitter","1014166136798117889"
"https://www.engadget.com/2018/07/03/nhs-patients-book-gp-appointments-app-december/","1014163760800464896"
"https://www.engadget.com/2018/07/03/nhs-patients-book-gp-appointments-app-december/","1014139263691214849"
"https://www.engadget.com/2018/07/03/nhs-patients-book-gp-appointments-app-december/?utm_source=dlvr.it&utm_medium=twitter","1014135455309156352"
"https://www.engadget.com/2018/07/03/nhs-patients-book-gp-appointments-app-december/#270345","1014131414214873089"
"https://www.engadget.com/2018/07/03/nhs-patients-book-gp-appointments-app-december/#349605","1014130871845171200"
"https://www.engadget.com/2018/07/03/nhs-patients-book-gp-appointments-app-december/#940635","1014130450217033728"
"https://www.engadget.com/2018/07/03/nhs-patients-book-gp-appointments-app-december/","1014128122013388800"
"https://www.engadget.com/2018/07/03/nhs-patients-book-gp-appointments-app-december/?utm_source=dlvr.it&utm_medium=twitter","1014127631803998208"
"https://www.engadget.com/2018/07/03/nhs-patients-book-gp-appointments-app-december/#278386","1014124593232203776"
"https://www.engadget.com/2018/07/03/nhs-patients-book-gp-appointments-app-december/","1014121745266208769"
"https://www.engadget.com/2018/07/03/nhs-patients-book-gp-appointments-app-december/","1014120589412446208"
"https://www.engadget.com/2018/07/03/nhs-patients-book-gp-appointments-app-december/","1014120262986620928"
"https://www.engadget.com/2018/07/03/nhs-patients-book-gp-appointments-app-december/","1014119339396562945"
"https://www.engadget.com/2018/07/03/nhs-patients-book-gp-appointments-app-december/","1014117357806026752"
"https://www.engadget.com/2018/07/03/nhs-patients-book-gp-appointments-app-december/?utm_source=dlvr.it&utm_medium=twitter","1014117334263320576"
"https://www.engadget.com/2018/07/03/nhs-patients-book-gp-appointments-app-december/#742227","1014116385251840000"
"https://www.engadget.com/2018/07/03/nhs-patients-book-gp-appointments-app-december/#245561","1014115078830985221"
"https://www.engadget.com/2018/07/03/nhs-patients-book-gp-appointments-app-december/?utm_source=dlvr.it&utm_medium=twitter","1014111908801069056"
"https://www.engadget.com/2018/07/03/nhs-patients-book-gp-appointments-app-december/?utm_source=dlvr.it&utm_medium=twitter","1014109763750072320"
"https://www.engadget.com/2018/07/03/nhs-patients-book-gp-appointments-app-december/?utm_source=dlvr.it&utm_medium=twitter","1014108926235762689"
"https://www.engadget.com/2018/07/03/nhs-patients-book-gp-appointments-app-december/","1014104673169625088"
"https://www.engadget.com/2018/07/03/nhs-patients-book-gp-appointments-app-december/","1014103734140448768"
"https://www.engadget.com/2018/07/03/nhs-patients-book-gp-appointments-app-december/","1014102581218611205"
"https://www.engadget.com/2018/07/03/nhs-patients-book-gp-appointments-app-december/","1014101345073278976"
"https://www.frontiernetworks.ca/","1014101345073278976"
"https://www.engadget.com/2018/07/03/nhs-patients-book-gp-appointments-app-december/","1014099555346997254"
"https://www.engadget.com/2018/07/03/nhs-patients-book-gp-appointments-app-december/?utm_source=dlvr.it&utm_medium=twitter","1014099448111104001"
"https://www.engadget.com/2018/07/03/nhs-patients-book-gp-appointments-app-december/?utm_source=feedburner&utm_medium=twitter&utm_campaign=Feed%3A+engadget%2FQcXD+%28Engadget%29","1014099174533496832"
"https://www.engadget.com/2018/07/03/nhs-patients-book-gp-appointments-app-december/?utm_source=dlvr.it&utm_medium=twitter","1014098953954971648"
"https://www.engadget.com/2018/07/03/nhs-patients-book-gp-appointments-app-december/","1014098950301847552"
"https://www.engadget.com/2018/07/03/nhs-patients-book-gp-appointments-app-december/","1014097726110355456"
"https://www.engadget.com/2018/07/03/nhs-patients-book-gp-appointments-app-december/","1014096191133569024"
"https://www.engadget.com/2018/07/03/nhs-patients-book-gp-appointments-app-december/?utm_source=dlvr.it&utm_medium=twitter","1014096183361277952"
"https://www.engadget.com/2018/07/03/nhs-patients-book-gp-appointments-app-december/","1014095262539804672"
"https://www.engadget.com/2018/07/03/nhs-patients-book-gp-appointments-app-december/","1014095229803220992"
"https://www.engadget.com/2018/07/03/nhs-patients-book-gp-appointments-app-december/","1014095210547175425"
"https://www.engadget.com/2018/07/03/nhs-patients-book-gp-appointments-app-december/?utm_source=dlvr.it&utm_medium=twitter","1014095182365523969"
"https://www.engadget.com/2018/07/03/nhs-patients-book-gp-appointments-app-december/","1014095113637670913"
"http://www.a2etechnologies.com/","1014094953289527297"
"https://www.engadget.com/2018/07/03/nhs-patients-book-gp-appointments-app-december/","1014094953289527297"
"https://www.engadget.com/2018/07/03/nhs-patients-book-gp-appointments-app-december/","1014094672153726976"
"https://richardbejah.com/magazines/get-gamed/","1014094672153726976"
"https://www.engadget.com/2018/07/03/nhs-patients-book-gp-appointments-app-december/","1014094493853855749"
"https://www.engadget.com/2018/07/03/nhs-patients-book-gp-appointments-app-december/","1014094466574176256"
"https://www.engadget.com/2018/07/03/nhs-patients-book-gp-appointments-app-december/","1014094318246727682"
"https://www.engadget.com/2018/07/03/nhs-patients-book-gp-appointments-app-december/","1014094245500768256"
"https://www.engadget.com/2018/07/03/nhs-patients-book-gp-appointments-app-december/","1014094138738962432"
"https://www.theregister.co.uk/2018/07/03/confidential_patient_info_nhs_software_share_tpp/","1014164365212299265"
"https://www.theregister.co.uk/2018/07/03/confidential_patient_info_nhs_software_share_tpp/","1014163876978610179"
"https://www.theregister.co.uk/2018/07/03/confidential_patient_info_nhs_software_share_tpp/","1014144174470230016"
"https://www.theregister.co.uk/2018/07/03/confidential_patient_info_nhs_software_share_tpp/","1014136696055754752"
"https://www.theregister.co.uk/2018/07/03/confidential_patient_info_nhs_software_share_tpp/?utm_source=dlvr.it&utm_medium=twitter","1014134934594772992"
"https://www.theregister.co.uk/","1014133668871147521"
"https://www.theregister.co.uk/2018/07/03/confidential_patient_info_nhs_software_share_tpp/?utm_source=dlvr.it&utm_medium=twitter","1014133668871147521"
"https://www.theregister.co.uk/2018/07/03/confidential_patient_info_nhs_software_share_tpp/","1014131686718754816"
"https://www.theregister.co.uk/2018/07/03/confidential_patient_info_nhs_software_share_tpp/","1014126639297556480"
"https://www.theregister.co.uk/2018/07/03/confidential_patient_info_nhs_software_share_tpp/","1014121853995159552"
"https://www.theregister.co.uk/2018/07/03/confidential_patient_info_nhs_software_share_tpp/","1014117304047726592"
"https://www.theregister.co.uk/2018/07/03/confidential_patient_info_nhs_software_share_tpp/","1014115790210072576"
"https://www.theregister.co.uk/2018/07/03/confidential_patient_info_nhs_software_share_tpp/","1014115075806978049"
"https://www.theregister.co.uk/2018/07/03/confidential_patient_info_nhs_software_share_tpp/","1014110998679244802"
"https://www.theregister.co.uk/2018/07/03/confidential_patient_info_nhs_software_share_tpp/","1014109032431304704"
"https://www.theregister.co.uk/2018/07/03/confidential_patient_info_nhs_software_share_tpp/","1014108746728034304"
"https://www.theregister.co.uk/2018/07/03/confidential_patient_info_nhs_software_share_tpp/","1014107760252936192"
"https://www.theregister.co.uk/2018/07/03/confidential_patient_info_nhs_software_share_tpp/?utm_source=dlvr.it&utm_medium=twitter","1014107310145318913"
"https://www.theregister.co.uk/2018/07/03/confidential_patient_info_nhs_software_share_tpp/?utm_source=dlvr.it&utm_medium=twitter","1014106489554759681"
"https://www.theregister.co.uk/2018/07/03/confidential_patient_info_nhs_software_share_tpp/","1014105083943051264"
"https://www.theregister.co.uk/2018/07/03/confidential_patient_info_nhs_software_share_tpp/?utm_source=dlvr.it&utm_medium=twitter","1014102970286276608"
"https://www.theregister.co.uk/2018/07/03/confidential_patient_info_nhs_software_share_tpp/","1014102515724546048"
"https://www.theregister.co.uk/2018/07/03/confidential_patient_info_nhs_software_share_tpp/","1014102395389927424"
"https://www.theregister.co.uk/2018/07/03/confidential_patient_info_nhs_software_share_tpp/","1014102225403170816"
"https://www.theregister.co.uk/2018/07/03/confidential_patient_info_nhs_software_share_tpp/","1014101779049517062"
"https://www.theregister.co.uk/2018/07/03/confidential_patient_info_nhs_software_share_tpp/?utm_source=dlvr.it&utm_medium=facebook","1014101733147111425"
"https://www.theregister.co.uk/2018/07/03/confidential_patient_info_nhs_software_share_tpp/","1014101637378510848"
"https://www.theregister.co.uk/2018/07/03/confidential_patient_info_nhs_software_share_tpp/","1014101636514398208"
"https://www.theregister.co.uk/2018/07/03/confidential_patient_info_nhs_software_share_tpp/","1014101226106052608"
"https://www.theregister.co.uk/2018/07/03/confidential_patient_info_nhs_software_share_tpp/","1014101223115579393"
"https://www.theregister.co.uk/2018/07/03/confidential_patient_info_nhs_software_share_tpp/","1014100771544104960"
"https://www.theregister.co.uk/2018/07/03/confidential_patient_info_nhs_software_share_tpp/","1014100587720466432"
"https://www.theregister.co.uk/2018/07/03/confidential_patient_info_nhs_software_share_tpp/","1014100543738974208"
"https://www.theregister.co.uk/2018/07/03/confidential_patient_info_nhs_software_share_tpp/?utm_source=dlvr.it&utm_medium=twitter","1014099961472958465"
"https://www.theregister.co.uk/2018/07/03/confidential_patient_info_nhs_software_share_tpp/","1014099519015923712"
"https://www.theregister.co.uk/2018/07/03/confidential_patient_info_nhs_software_share_tpp/","1014099447767355393"
"https://www.theregister.co.uk/2018/07/03/confidential_patient_info_nhs_software_share_tpp/","1014099321917231105"
"http://www.jobs.nhs.uk/xi/vacancy/7ddd39a81fa2e8e20009754d7444e12a/?vac_ref=915151680","1014163997510299649"
"https://www.peakfm.co.uk/news/local/chatsworth-to-light-up-blue-to-celebrate-the-nhs-70th-birthday/","1014164007450759169"
"https://www.theguardian.com/society/2018/jul/03/safe-space-nhs-unit-frontline-child-mental-health-crisis?CMP=share_btn_tw","1014192704614535170"
"https://www.theguardian.com/society/2018/jul/03/safe-space-nhs-unit-frontline-child-mental-health-crisis?CMP=share_btn_tw","1014181006813868035"
"https://www.theguardian.com/society/2018/jul/03/safe-space-nhs-unit-frontline-child-mental-health-crisis?CMP=share_btn_tw","1014171005823148036"
"https://www.theguardian.com/society/2018/jul/03/safe-space-nhs-unit-frontline-child-mental-health-crisis?CMP=share_btn_tw","1014167925249454081"
"https://www.theguardian.com/society/2018/jul/03/safe-space-nhs-unit-frontline-child-mental-health-crisis?CMP=share_btn_tw","1014167257851858944"
"https://www.theguardian.com/society/2018/jul/03/safe-space-nhs-unit-frontline-child-mental-health-crisis?CMP=share_btn_tw","1014164158693232640"
"https://www.theguardian.com/society/2018/jul/03/safe-space-nhs-unit-frontline-child-mental-health-crisis?CMP=share_btn_tw","1014158875929595905"
"https://www.theguardian.com/society/2018/jul/03/safe-space-nhs-unit-frontline-child-mental-health-crisis?CMP=share_btn_tw","1014153414719176704"
"https://www.theguardian.com/society/2018/jul/03/safe-space-nhs-unit-frontline-child-mental-health-crisis?CMP=share_btn_tw","1014151036481794048"
"https://www.theguardian.com/society/2018/jul/03/safe-space-nhs-unit-frontline-child-mental-health-crisis?CMP=share_btn_tw","1014150740250677256"
"https://www.theguardian.com/society/2018/jul/03/safe-space-nhs-unit-frontline-child-mental-health-crisis?CMP=share_btn_tw","1014147271389339650"
"https://www.theguardian.com/society/2018/jul/03/safe-space-nhs-unit-frontline-child-mental-health-crisis?CMP=share_btn_tw","1014145549610770433"
"https://www.theguardian.com/society/2018/jul/03/safe-space-nhs-unit-frontline-child-mental-health-crisis?CMP=share_btn_tw","1014140697757220865"
"https://www.theguardian.com/society/2018/jul/03/safe-space-nhs-unit-frontline-child-mental-health-crisis?CMP=share_btn_tw","1014135693000499201"
"https://www.theguardian.com/society/2018/jul/03/safe-space-nhs-unit-frontline-child-mental-health-crisis?CMP=share_btn_tw","1014127782333419522"
"https://www.theguardian.com/society/2018/jul/03/safe-space-nhs-unit-frontline-child-mental-health-crisis?CMP=share_btn_tw","1014125014247968768"
"https://www.theguardian.com/society/2018/jul/03/safe-space-nhs-unit-frontline-child-mental-health-crisis?CMP=share_btn_tw","1014122345244569600"
"https://www.theguardian.com/society/2018/jul/03/safe-space-nhs-unit-frontline-child-mental-health-crisis?CMP=share_btn_tw","1014118965562494977"
"https://www.theguardian.com/society/2018/jul/03/safe-space-nhs-unit-frontline-child-mental-health-crisis?CMP=share_btn_tw","1014114828057800705"
"https://www.theguardian.com/society/2018/jul/03/safe-space-nhs-unit-frontline-child-mental-health-crisis?CMP=share_btn_tw","1014112959445000192"
"https://www.theguardian.com/society/2018/jul/03/safe-space-nhs-unit-frontline-child-mental-health-crisis?CMP=share_btn_tw","1014109818938888192"
"http://www.nhsforsale.info/private-providers/optum-united-health.html","1014164445688467457"
"http://www.nhsforsale.info/private-providers/optum-united-health.html","1014164211830845445"
"https://news.sky.com/story/fuel-and-alcohol-duty-freeze-to-be-lifted-to-help-fund-nhs-boost-11424789","1014210608890351616"
"https://news.sky.com/story/fuel-and-alcohol-duty-freeze-to-be-lifted-to-help-fund-nhs-boost-11424789","1014209660419747843"
"https://news.sky.com/story/fuel-and-alcohol-duty-freeze-to-be-lifted-to-help-fund-nhs-boost-11424789","1014206079390179333"
"https://news.sky.com/story/fuel-and-alcohol-duty-freeze-to-be-lifted-to-help-fund-nhs-boost-11424789","1014205918949593089"
"https://news.sky.com/story/fuel-and-alcohol-duty-freeze-to-be-lifted-to-help-fund-nhs-boost-11424789","1014203860498436098"
"https://news.sky.com/story/fuel-and-alcohol-duty-freeze-to-be-lifted-to-help-fund-nhs-boost-11424789","1014202874212036608"
"https://news.sky.com/story/fuel-and-alcohol-duty-freeze-to-be-lifted-to-help-fund-nhs-boost-11424789","1014197676244656128"
"https://news.sky.com/story/fuel-and-alcohol-duty-freeze-to-be-lifted-to-help-fund-nhs-boost-11424789","1014195198413475840"
"https://news.sky.com/story/fuel-and-alcohol-duty-freeze-to-be-lifted-to-help-fund-nhs-boost-11424789","1014191015174070274"
"https://news.sky.com/story/fuel-and-alcohol-duty-freeze-to-be-lifted-to-help-fund-nhs-boost-11424789","1014190169543626753"
"https://news.sky.com/story/fuel-and-alcohol-duty-freeze-to-be-lifted-to-help-fund-nhs-boost-11424789","1014187449193361408"
"https://news.sky.com/story/fuel-and-alcohol-duty-freeze-to-be-lifted-to-help-fund-nhs-boost-11424789","1014185727968579585"
"https://news.sky.com/story/fuel-and-alcohol-duty-freeze-to-be-lifted-to-help-fund-nhs-boost-11424789","1014183572767375360"
"https://news.sky.com/story/fuel-and-alcohol-duty-freeze-to-be-lifted-to-help-fund-nhs-boost-11424789","1014181488756166657"
"https://news.sky.com/story/fuel-and-alcohol-duty-freeze-to-be-lifted-to-help-fund-nhs-boost-11424789","1014180463190183939"
"https://news.sky.com/story/fuel-and-alcohol-duty-freeze-to-be-lifted-to-help-fund-nhs-boost-11424789","1014179815111495681"
"https://news.sky.com/story/fuel-and-alcohol-duty-freeze-to-be-lifted-to-help-fund-nhs-boost-11424789","1014179384025075712"
"https://news.sky.com/story/fuel-and-alcohol-duty-freeze-to-be-lifted-to-help-fund-nhs-boost-11424789","1014172879712342021"
"https://news.sky.com/story/fuel-and-alcohol-duty-freeze-to-be-lifted-to-help-fund-nhs-boost-11424789","1014170269085290496"
"https://news.sky.com/story/fuel-and-alcohol-duty-freeze-to-be-lifted-to-help-fund-nhs-boost-11424789","1014169406593814529"
"https://news.sky.com/story/fuel-and-alcohol-duty-freeze-to-be-lifted-to-help-fund-nhs-boost-11424789","1014167991670452226"
"https://news.sky.com/story/fuel-and-alcohol-duty-freeze-to-be-lifted-to-help-fund-nhs-boost-11424789","1014167870811631616"
"https://news.sky.com/story/fuel-and-alcohol-duty-freeze-to-be-lifted-to-help-fund-nhs-boost-11424789","1014164332312125441"
"https://news.sky.com/story/fuel-and-alcohol-duty-freeze-to-be-lifted-to-help-fund-nhs-boost-11424789","1014157408904544263"
"https://news.sky.com/story/fuel-and-alcohol-duty-freeze-to-be-lifted-to-help-fund-nhs-boost-11424789","1014152470333919232"
"https://news.sky.com/story/fuel-and-alcohol-duty-freeze-to-be-lifted-to-help-fund-nhs-boost-11424789","1014148931486470145"
"https://news.sky.com/story/fuel-and-alcohol-duty-freeze-to-be-lifted-to-help-fund-nhs-boost-11424789","1014147678819758080"
"https://news.sky.com/story/fuel-and-alcohol-duty-freeze-to-be-lifted-to-help-fund-nhs-boost-11424789","1014146678415417344"
"https://news.sky.com/story/fuel-and-alcohol-duty-freeze-to-be-lifted-to-help-fund-nhs-boost-11424789","1014146316769943552"
"https://news.sky.com/story/fuel-and-alcohol-duty-freeze-to-be-lifted-to-help-fund-nhs-boost-11424789","1014141860275736576"
"https://news.sky.com/story/fuel-and-alcohol-duty-freeze-to-be-lifted-to-help-fund-nhs-boost-11424789","1014138631072690176"
"https://news.sky.com/story/corbyn-nhs-funding-pledge-wont-make-a-difference-11422439?dcmp=snt-sf-twitter","1014164389837115392"
"https://news.sky.com/story/corbyn-nhs-funding-pledge-wont-make-a-difference-11422439?dcmp=snt-sf-twitter","1013378245117394944"
"https://news.sky.com/story/corbyn-nhs-funding-pledge-wont-make-a-difference-11422439?dcmp=snt-sf-twitter","1013376796996329472"
"http://www.brentwood-centre.co.uk/membership","1014164434678370304"
"http://www.brentwood-centre.co.uk/membership","1013307480791805954"
"http://www.brentwood-centre.co.uk/membership","1012703538638516226"
"http://www.brentwood-centre.co.uk/membership","1012007713751158786"
"http://www.brentwood-centre.co.uk/membership","1011313129282768897"
"https://www.prweek.com/article/1486871/nhs-counter-fraud-launches-interactive-trackthetruck-campaign","1014164633987551232"
"https://www.breitbart.com/london/2018/07/03/female-nhs-healthcare-worker-arrested-murder-eight-babies/","1014219623548489728"
"https://www.breitbart.com/london/2018/07/03/female-nhs-healthcare-worker-arrested-murder-eight-babies/","1014199683340689409"
"https://www.breitbart.com/london/2018/07/03/female-nhs-healthcare-worker-arrested-murder-eight-babies/","1014187494693392386"
"https://www.breitbart.com/london/2018/07/03/female-nhs-healthcare-worker-arrested-murder-eight-babies/","1014164644083195909"
"https://snorer.com/","1014165013605437442"
"https://snorer.com/nhs-app-delays-repeat-prescriptions/?utm_source=dlvr.it&utm_medium=twitter","1014165013605437442"
"https://snorer.com/fancy-a-lecture-at-8am/?utm_source=dlvr.it&utm_medium=twitter","1012339868289064960"
"https://snorer.com/","1012339868289064960"
"http://alljobsintheuk.co.uk/agency-nurse-nhs/?utm_source=dlvr.it&utm_medium=twitter","1014165054101467136"
